booking_id,ticket_id,user_id,num_tickets,price,payment_method,booking_time,ip_address,is_refunded,is_flagged_suspicious
booking_00000,TKT411657,user_039,2,1000,credit_card,2024-06-12 00:00:00,89.198.142.4,False,False
booking_00001,TKT435335,user_026,1,500,debit_card,2024-08-23 00:00:00,32.57.206.79,False,False
booking_00002,TKT955486,user_000,2,1000,credit_card,2024-01-05 00:00:00,51.52.249.50,False,False
booking_00003,TKT467841,user_046,4,2000,debit_card,2023-05-05 00:00:00,172.66.239.22,False,False
booking_00004,TKT077115,user_003,3,1500,debit_card,2023-09-29 00:00:00,178.184.255.55,False,False
booking_00005,TKT505993,user_028,2,1000,credit_card,2024-11-18 00:00:00,117.40.232.18,False,False
booking_00006,TKT719143,user_043,1,500,paypal,2023-11-11 00:00:00,62.55.169.162,False,False
booking_00007,TKT442949,user_043,1,500,debit_card,2023-01-13 00:00:00,62.55.169.162,False,False
booking_00008,TKT687438,user_034,3,1500,debit_card,2023-03-09 00:00:00,233.237.31.92,False,False
booking_00009,TKT084862,user_030,3,1500,credit_card,2023-09-20 00:00:00,195.136.248.183,False,False
booking_00010,TKT449899,user_045,11,5500,paypal,2023-04-23 00:00:00,125.220.70.251,False,True
booking_00011,TKT399186,user_021,1,500,paypal,2023-12-04 00:00:00,1.14.253.133,False,False
booking_00012,TKT567085,user_036,5,2500,debit_card,2025-02-09 00:00:00,215.209.194.215,False,True
booking_00013,TKT824694,user_048,2,1000,credit_card,2025-01-21 00:00:00,49.93.64.62,False,False
booking_00014,TKT917498,user_008,2,1000,debit_card,2024-07-19 00:00:00,123.73.119.244,False,False
booking_00015,TKT817082,user_004,1,500,paypal,2023-07-18 00:00:00,250.73.65.172,False,False
booking_00016,TKT061959,user_018,3,1500,paypal,2024-06-28 00:00:00,14.185.228.78,False,False
booking_00017,TKT153748,user_032,2,1000,debit_card,2023-01-28 00:00:00,241.35.30.76,False,False
booking_00018,TKT963127,user_001,3,1500,credit_card,2025-04-03 00:00:00,195.169.150.165,False,False
booking_00019,TKT985609,user_024,13,6500,paypal,2023-05-29 01:58:00,156.123.89.51,False,True
booking_00020,TKT919449,user_038,1,500,paypal,2023-04-29 00:00:00,196.114.31.4,False,False
booking_00021,TKT345502,user_045,4,2000,paypal,2024-05-20 00:00:00,125.220.70.251,False,False
booking_00022,TKT662356,user_042,2,1000,credit_card,2025-03-17 00:00:00,245.74.5.89,False,False
booking_00023,TKT356344,user_029,1,500,paypal,2023-03-03 00:00:00,36.64.24.67,False,False
booking_00024,TKT628497,user_002,1,500,paypal,2023-07-16 00:00:00,173.64.67.22,False,False
booking_00025,TKT055833,user_031,3,1500,credit_card,2025-04-11 00:00:00,65.32.161.74,False,False
booking_00026,TKT177064,user_035,2,1000,credit_card,2023-07-08 00:00:00,85.186.40.25,False,False
booking_00027,TKT277891,user_040,4,2000,debit_card,2024-01-16 00:00:00,70.225.160.32,False,False
booking_00028,TKT185575,user_007,4,2000,paypal,2025-04-08 00:00:00,49.185.51.184,False,False
booking_00029,TKT006217,user_025,1,500,credit_card,2024-02-12 00:00:00,195.53.8.251,False,False
booking_00030,TKT130097,user_011,2,1000,paypal,2023-06-04 00:00:00,251.22.72.154,False,False
booking_00031,TKT812473,user_018,4,2000,paypal,2023-08-08 00:00:00,14.185.228.78,False,False
booking_00032,TKT879371,user_047,3,1500,credit_card,2023-09-03 00:00:00,45.205.89.166,False,False
booking_00033,TKT431126,user_041,4,2000,paypal,2023-06-18 00:00:00,42.20.50.190,False,False
booking_00034,TKT795593,user_023,2,1000,debit_card,2024-12-16 00:00:00,29.103.118.124,False,False
booking_00035,TKT193215,user_031,3,1500,credit_card,2025-02-19 00:00:00,65.32.161.74,False,False
booking_00036,TKT271177,user_008,1,500,debit_card,2024-12-21 00:00:00,123.73.119.244,False,False
booking_00037,TKT232219,user_019,1,500,debit_card,2025-02-01 00:00:00,73.15.82.180,False,False
booking_00038,TKT310459,user_025,2,1000,credit_card,2023-03-16 00:00:00,106.48.179.4,False,False
booking_00039,TKT164586,user_007,2,1000,paypal,2024-07-01 00:00:00,49.185.51.184,False,False
booking_00040,TKT947977,user_009,2,1000,debit_card,2023-03-29 00:00:00,95.88.142.215,False,False
booking_00041,TKT824635,user_043,3,1500,debit_card,2023-05-20 00:00:00,88.242.148.38,False,False
booking_00042,TKT607652,user_006,1,500,credit_card,2023-02-12 00:00:00,120.226.181.99,False,False
booking_00043,TKT140738,user_040,1,500,debit_card,2023-09-15 00:00:00,70.225.160.32,False,False
booking_00044,TKT976044,user_033,2,1000,credit_card,2023-01-17 00:00:00,133.255.59.117,False,False
booking_00045,TKT918981,user_047,1,500,credit_card,2023-08-27 00:00:00,45.205.89.166,False,False
booking_00046,TKT824886,user_042,14,7000,paypal,2024-07-21 00:00:00,116.144.120.62,False,True
booking_00047,TKT751706,user_019,2,1000,debit_card,2023-11-14 00:00:00,73.15.82.180,False,False
booking_00048,TKT790131,user_034,3,1500,debit_card,2023-07-17 00:00:00,233.237.31.92,False,False
booking_00049,TKT324221,user_037,1,500,credit_card,2023-01-03 00:00:00,133.224.51.55,False,False
booking_00050,TKT483514,user_017,4,2000,debit_card,2025-03-25 00:00:00,188.144.240.178,True,False
booking_00051,TKT930274,user_004,3,1500,paypal,2024-03-01 00:00:00,250.73.65.172,False,False
booking_00052,TKT060181,user_038,1,500,paypal,2023-01-28 00:00:00,196.114.31.4,False,False
booking_00053,TKT063757,user_036,1,500,credit_card,2024-07-04 00:00:00,43.100.135.241,False,True
booking_00054,TKT934905,user_019,4,2000,debit_card,2023-12-18 00:00:00,73.15.82.180,False,False
booking_00055,TKT131787,user_018,1,500,paypal,2025-03-12 00:00:00,14.185.228.78,False,False
booking_00056,TKT225205,user_013,4,2000,credit_card,2023-08-18 00:00:00,250.227.92.245,False,False
booking_00057,TKT389801,user_032,4,2000,debit_card,2024-02-24 00:00:00,253.180.172.117,False,False
booking_00058,TKT599334,user_020,1,500,credit_card,2025-04-22 00:00:00,209.65.46.160,False,False
booking_00059,TKT601652,user_022,4,2000,paypal,2023-05-05 00:00:00,142.202.67.77,False,False
booking_00060,TKT694040,user_033,3,1500,credit_card,2023-10-05 00:00:00,133.255.59.117,True,False
booking_00061,TKT586096,user_042,1,500,credit_card,2023-10-20 00:00:00,116.144.120.62,False,False
booking_00062,TKT572401,user_016,23,11500,credit_card,2023-04-03 00:00:00,250.46.206.221,False,True
booking_00063,TKT494798,user_003,3,1500,debit_card,2024-04-28 00:00:00,10.67.243.153,False,False
booking_00064,TKT129173,user_048,1,500,credit_card,2023-07-10 00:00:00,49.93.64.62,False,False
booking_00065,TKT349959,user_005,3,1500,debit_card,2024-04-15 00:00:00,175.111.184.150,False,False
booking_00066,TKT195419,user_035,3,1500,credit_card,2024-07-09 00:00:00,85.186.40.25,False,False
booking_00067,TKT108431,user_034,2,1000,debit_card,2023-09-30 00:00:00,233.237.31.92,False,False
booking_00068,TKT375860,user_042,4,2000,credit_card,2023-12-08 00:00:00,116.144.120.62,False,False
booking_00069,TKT400352,user_036,15,7500,paypal,2023-04-13 00:00:00,46.8.237.18,False,True
booking_00070,TKT183990,user_033,2,1000,credit_card,2023-05-20 00:00:00,133.255.59.117,False,False
booking_00071,TKT821919,user_005,4,2000,debit_card,2023-12-18 00:00:00,175.111.184.150,False,False
booking_00072,TKT818192,user_030,4,2000,credit_card,2025-01-18 00:00:00,195.136.248.183,False,False
booking_00073,TKT545315,user_016,25,12500,debit_card,2023-08-12 00:00:00,82.49.130.86,False,True
booking_00074,TKT514486,user_007,2,1000,paypal,2024-05-19 00:00:00,49.185.51.184,False,False
booking_00075,TKT745412,user_036,10,5000,debit_card,2024-09-01 00:00:00,230.110.155.224,False,True
booking_00076,TKT748087,user_014,1,500,paypal,2023-01-16 00:00:00,25.159.61.209,False,False
booking_00077,TKT240534,user_029,4,2000,paypal,2023-09-06 00:00:00,36.64.24.67,False,False
booking_00078,TKT798990,user_019,1,500,debit_card,2025-04-13 00:00:00,73.15.82.180,False,False
booking_00079,TKT358076,user_018,4,2000,paypal,2024-06-15 00:00:00,14.185.228.78,False,False
booking_00080,TKT547605,user_001,4,2000,credit_card,2024-02-18 00:00:00,195.169.150.165,False,False
booking_00081,TKT175001,user_034,3,1500,debit_card,2023-12-08 00:00:00,233.237.31.92,True,False
booking_00082,TKT806723,user_013,1,500,credit_card,2023-07-03 00:00:00,250.227.92.245,False,False
booking_00083,TKT048413,user_035,2,1000,credit_card,2023-03-14 00:00:00,112.18.43.213,False,False
booking_00084,TKT834026,user_010,4,2000,paypal,2023-05-07 00:00:00,226.151.126.215,False,False
booking_00085,TKT076131,user_017,3,1500,debit_card,2025-04-26 00:00:00,188.144.240.178,False,False
booking_00086,TKT730376,user_043,4,2000,debit_card,2025-01-28 00:00:00,128.157.112.50,False,False
booking_00087,TKT171050,user_048,2,1000,credit_card,2025-03-16 00:00:00,248.221.213.153,False,False
booking_00088,TKT489926,user_040,4,2000,debit_card,2024-08-30 00:00:00,70.225.160.32,False,False
booking_00089,TKT803128,user_005,4,2000,debit_card,2023-02-05 00:00:00,175.111.184.150,False,False
booking_00090,TKT967863,user_043,2,1000,paypal,2023-11-23 00:00:00,88.242.148.38,False,False
booking_00091,TKT769760,user_012,2,1000,debit_card,2023-03-09 00:00:00,173.172.136.174,False,False
booking_00092,TKT388344,user_001,1,500,credit_card,2024-08-24 00:00:00,195.169.150.165,False,False
booking_00093,TKT513525,user_046,4,2000,debit_card,2024-07-13 00:00:00,172.66.239.22,False,False
booking_00094,TKT374643,user_015,23,11500,paypal,2024-11-21 00:00:00,81.40.107.221,False,True
booking_00095,TKT063235,user_037,1,500,credit_card,2024-03-02 00:00:00,133.224.51.55,False,False
booking_00096,TKT802720,user_003,3,1500,debit_card,2025-04-12 00:00:00,10.67.243.153,True,False
booking_00097,TKT075883,user_029,1,500,paypal,2024-02-15 00:00:00,36.64.24.67,False,False
booking_00098,TKT871244,user_004,1,500,paypal,2025-02-10 00:00:00,195.230.241.80,False,False
booking_00099,TKT912097,user_018,4,2000,paypal,2025-02-15 00:00:00,14.185.228.78,False,False
booking_00100,TKT322516,user_038,3,1500,paypal,2023-02-06 00:00:00,184.61.58.131,False,False
booking_00101,TKT726282,user_002,4,2000,paypal,2023-03-27 00:00:00,173.64.67.22,False,False
booking_00102,TKT780521,user_041,2,1000,paypal,2025-02-18 00:00:00,42.20.50.190,False,False
booking_00103,TKT897234,user_001,3,1500,credit_card,2025-03-05 00:00:00,195.169.150.165,False,False
booking_00104,TKT010726,user_028,4,2000,credit_card,2024-11-15 00:00:00,80.14.220.104,False,False
booking_00105,TKT375720,user_025,2,1000,credit_card,2024-02-05 00:00:00,195.53.8.251,False,False
booking_00106,TKT747660,user_008,3,1500,debit_card,2025-04-22 00:00:00,123.73.119.244,False,False
booking_00107,TKT986385,user_033,4,2000,credit_card,2024-06-16 00:00:00,133.255.59.117,False,False
booking_00108,TKT056982,user_020,4,2000,credit_card,2024-09-28 00:00:00,209.65.46.160,False,False
booking_00109,TKT133708,user_028,2,1000,credit_card,2025-01-18 00:00:00,117.40.232.18,False,False
booking_00110,TKT839631,user_029,1,500,paypal,2023-01-16 00:00:00,60.147.40.250,False,False
booking_00111,TKT173475,user_025,4,2000,credit_card,2024-06-03 00:00:00,195.53.8.251,False,False
booking_00112,TKT982923,user_000,4,2000,credit_card,2023-04-04 00:00:00,51.52.249.50,False,False
booking_00113,TKT225284,user_029,3,1500,paypal,2024-05-03 00:00:00,36.64.24.67,True,False
booking_00114,TKT390409,user_006,4,2000,credit_card,2023-02-16 00:00:00,120.226.181.99,False,False
booking_00115,TKT429309,user_040,4,2000,debit_card,2023-03-13 00:00:00,70.225.160.32,False,False
booking_00116,TKT265217,user_016,4,2000,debit_card,2024-09-25 00:17:00,191.254.29.123,False,True
booking_00117,TKT357927,user_029,1,500,paypal,2024-12-29 00:00:00,184.3.183.165,False,False
booking_00118,TKT851326,user_005,3,1500,debit_card,2024-03-08 00:00:00,175.111.184.150,False,False
booking_00119,TKT718197,user_021,3,1500,paypal,2023-06-24 00:00:00,1.14.253.133,False,False
booking_00120,TKT906089,user_034,2,1000,debit_card,2024-05-29 00:00:00,233.237.31.92,True,False
booking_00121,TKT154897,user_031,3,1500,credit_card,2023-01-30 00:00:00,206.177.119.211,False,False
booking_00122,TKT753196,user_036,5,2500,paypal,2024-01-30 00:19:00,118.81.211.220,True,True
booking_00123,TKT901575,user_038,4,2000,paypal,2023-03-07 00:00:00,184.61.58.131,False,False
booking_00124,TKT275068,user_010,3,1500,paypal,2023-05-02 00:00:00,226.151.126.215,False,False
booking_00125,TKT574791,user_043,4,2000,debit_card,2023-11-17 00:00:00,133.191.244.33,False,False
booking_00126,TKT541329,user_047,4,2000,credit_card,2023-08-29 00:00:00,45.205.89.166,False,False
booking_00127,TKT696964,user_007,4,2000,paypal,2023-09-26 00:00:00,49.185.51.184,False,False
booking_00128,TKT708027,user_023,4,2000,debit_card,2023-06-21 00:00:00,29.103.118.124,False,False
booking_00129,TKT789607,user_049,3,1500,debit_card,2023-10-07 00:00:00,196.73.13.242,False,False
booking_00130,TKT235415,user_009,3,1500,debit_card,2024-06-15 00:00:00,95.88.142.215,False,False
booking_00131,TKT632981,user_042,4,2000,debit_card,2023-12-11 00:00:00,245.74.5.89,False,False
booking_00132,TKT616420,user_008,1,500,debit_card,2025-03-11 00:00:00,185.1.175.205,False,False
booking_00133,TKT925369,user_014,3,1500,credit_card,2024-11-20 00:00:00,25.159.61.209,False,False
booking_00134,TKT420232,user_038,2,1000,paypal,2024-12-22 00:00:00,196.114.31.4,False,False
booking_00135,TKT133258,user_033,2,1000,credit_card,2024-04-27 00:00:00,133.255.59.117,False,False
booking_00136,TKT320600,user_036,3,1500,credit_card,2023-11-02 04:07:00,118.81.211.220,False,True
booking_00137,TKT861287,user_020,1,500,credit_card,2024-01-11 00:00:00,209.65.46.160,False,False
booking_00138,TKT035141,user_049,4,2000,debit_card,2023-12-24 00:00:00,175.156.5.21,True,False
booking_00139,TKT949381,user_024,25,12500,paypal,2024-08-29 00:00:00,233.242.91.120,False,True
booking_00140,TKT691547,user_044,22,11000,paypal,2024-11-21 02:50:00,17.14.184.160,False,True
booking_00141,TKT625318,user_032,1,500,debit_card,2024-01-04 00:00:00,43.214.176.89,False,False
booking_00142,TKT890736,user_044,14,7000,debit_card,2024-05-29 00:00:00,132.241.205.92,False,True
booking_00143,TKT121952,user_047,25,12500,debit_card,2023-02-14 00:22:00,45.205.89.166,False,True
booking_00144,TKT574390,user_015,13,6500,credit_card,2023-11-13 04:06:00,204.133.174.168,False,True
booking_00145,TKT268373,user_043,2,1000,paypal,2024-03-07 00:00:00,133.191.244.33,False,False
booking_00146,TKT242935,user_035,3,1500,credit_card,2023-10-07 00:00:00,112.18.43.213,False,False
booking_00147,TKT173063,user_044,20,10000,credit_card,2023-04-15 03:09:00,85.183.78.142,True,True
booking_00148,TKT725375,user_030,3,1500,credit_card,2023-08-11 00:00:00,230.147.32.241,False,False
booking_00149,TKT297196,user_033,5,2500,paypal,2024-12-21 03:09:00,136.126.153.161,False,True
booking_00150,TKT017254,user_041,2,1000,paypal,2023-09-09 00:00:00,42.20.50.190,False,False
booking_00151,TKT027178,user_041,1,500,paypal,2025-01-26 00:00:00,42.20.50.190,True,False
booking_00152,TKT413702,user_008,3,1500,debit_card,2023-03-15 00:00:00,185.1.175.205,False,False
booking_00153,TKT833302,user_043,1,500,paypal,2024-07-06 00:00:00,88.242.148.38,False,False
booking_00154,TKT542205,user_042,2,1000,debit_card,2025-01-16 00:00:00,16.132.197.107,False,False
booking_00155,TKT502711,user_003,4,2000,debit_card,2024-04-08 00:00:00,10.67.243.153,False,False
booking_00156,TKT971571,user_007,4,2000,paypal,2023-03-04 00:00:00,49.185.51.184,False,False
booking_00157,TKT017473,user_008,1,500,debit_card,2024-11-17 00:00:00,162.88.236.117,False,False
booking_00158,TKT235522,user_006,2,1000,credit_card,2023-05-05 00:00:00,120.226.181.99,False,False
booking_00159,TKT680428,user_022,4,2000,paypal,2024-09-16 00:00:00,204.66.28.113,False,False
booking_00160,TKT189052,user_009,1,500,debit_card,2025-02-07 00:00:00,95.88.142.215,False,False
booking_00161,TKT197797,user_044,22,11000,debit_card,2023-04-04 00:00:00,145.216.146.248,False,True
booking_00162,TKT739821,user_024,20,10000,debit_card,2024-07-30 00:00:00,226.228.170.69,False,True
booking_00163,TKT967657,user_027,2,1000,credit_card,2024-08-04 00:00:00,122.78.7.67,False,False
booking_00164,TKT813232,user_009,4,2000,debit_card,2025-01-31 00:00:00,87.150.227.128,False,False
booking_00165,TKT646159,user_037,4,2000,credit_card,2024-01-16 00:00:00,133.224.51.55,False,False
booking_00166,TKT322761,user_045,3,1500,paypal,2024-05-10 00:00:00,125.220.70.251,True,False
booking_00167,TKT735806,user_022,4,2000,debit_card,2025-01-04 00:00:00,179.162.187.136,False,False
booking_00168,TKT820667,user_005,24,12000,credit_card,2024-05-22 00:00:00,93.157.140.191,False,True
booking_00169,TKT433519,user_041,4,2000,paypal,2023-02-18 00:00:00,42.20.50.190,False,False
booking_00170,TKT750729,user_010,4,2000,paypal,2024-08-23 00:00:00,226.151.126.215,False,False
booking_00171,TKT457976,user_011,1,500,paypal,2023-12-15 00:00:00,251.22.72.154,False,False
booking_00172,TKT485216,user_043,2,1000,debit_card,2025-04-11 00:00:00,136.102.211.49,False,False
booking_00173,TKT319164,user_046,1,500,credit_card,2025-03-29 00:00:00,172.66.239.22,False,False
booking_00174,TKT917920,user_022,2,1000,debit_card,2023-09-05 00:00:00,179.162.187.136,False,False
booking_00175,TKT215779,user_022,2,1000,debit_card,2025-04-03 00:00:00,142.202.67.77,False,False
booking_00176,TKT070271,user_046,3,1500,debit_card,2023-11-04 00:00:00,172.66.239.22,False,False
booking_00177,TKT385774,user_021,2,1000,paypal,2023-01-12 00:00:00,1.14.253.133,False,False
booking_00178,TKT145804,user_040,4,2000,debit_card,2023-11-08 00:00:00,70.225.160.32,False,False
booking_00179,TKT384714,user_032,1,500,debit_card,2024-03-09 00:00:00,43.214.176.89,False,False
booking_00180,TKT666439,user_049,16,8000,credit_card,2024-07-29 00:00:00,118.190.51.70,False,True
booking_00181,TKT149014,user_000,3,1500,credit_card,2023-11-02 00:00:00,51.52.249.50,False,False
booking_00182,TKT461276,user_010,4,2000,paypal,2025-05-02 00:00:00,226.151.126.215,False,False
booking_00183,TKT789227,user_019,3,1500,debit_card,2024-05-22 00:00:00,73.15.82.180,False,False
booking_00184,TKT855740,user_048,1,500,credit_card,2024-10-18 00:00:00,195.132.32.147,False,False
booking_00185,TKT870308,user_001,2,1000,credit_card,2025-01-17 00:00:00,195.169.150.165,False,False
booking_00186,TKT254469,user_015,5,2500,credit_card,2024-01-24 00:00:00,123.105.75.26,False,True
booking_00187,TKT879992,user_004,3,1500,paypal,2023-02-08 00:00:00,250.73.65.172,False,False
booking_00188,TKT698804,user_048,3,1500,credit_card,2023-12-03 00:00:00,49.93.64.62,True,False
booking_00189,TKT978576,user_040,2,1000,credit_card,2024-08-28 00:00:00,252.210.86.180,False,True
booking_00190,TKT367836,user_042,1,500,paypal,2023-10-08 00:00:00,116.144.120.62,True,False
booking_00191,TKT633052,user_010,4,2000,paypal,2024-05-24 00:00:00,134.141.252.170,False,False
booking_00192,TKT574946,user_045,3,1500,paypal,2024-03-29 00:00:00,125.220.70.251,True,False
booking_00193,TKT556477,user_007,3,1500,debit_card,2023-01-23 00:00:00,49.185.51.184,False,True
booking_00194,TKT734456,user_031,4,2000,credit_card,2024-05-16 00:00:00,41.73.60.72,False,False
booking_00195,TKT998125,user_038,3,1500,debit_card,2024-06-21 00:00:00,196.114.31.4,True,False
booking_00196,TKT330498,user_020,3,1500,credit_card,2023-11-08 00:00:00,209.65.46.160,False,False
booking_00197,TKT095784,user_042,3,1500,paypal,2023-04-07 00:00:00,16.132.197.107,False,False
booking_00198,TKT932298,user_001,2,1000,credit_card,2023-04-01 00:00:00,195.169.150.165,False,False
booking_00199,TKT269740,user_035,2,1000,credit_card,2024-01-21 00:00:00,112.18.43.213,False,False
booking_00200,TKT829936,user_040,4,2000,credit_card,2024-01-05 00:00:00,252.210.86.180,False,False
booking_00201,TKT926829,user_043,2,1000,paypal,2024-12-02 00:00:00,128.157.112.50,False,False
booking_00202,TKT392749,user_045,3,1500,paypal,2024-11-18 00:00:00,125.220.70.251,False,False
booking_00203,TKT208171,user_033,2,1000,credit_card,2024-09-12 00:00:00,136.126.153.161,False,False
booking_00204,TKT150529,user_049,4,2000,debit_card,2023-06-07 00:00:00,118.190.51.70,True,False
booking_00205,TKT254642,user_046,3,1500,credit_card,2023-09-04 00:00:00,172.66.239.22,False,False
booking_00206,TKT327968,user_019,2,1000,debit_card,2023-10-05 00:00:00,73.15.82.180,False,False
booking_00207,TKT757545,user_028,2,1000,credit_card,2023-01-17 00:00:00,80.14.220.104,False,False
booking_00208,TKT597485,user_022,2,1000,debit_card,2023-06-04 00:00:00,142.202.67.77,False,False
booking_00209,TKT725516,user_013,2,1000,credit_card,2023-01-31 00:00:00,250.227.92.245,False,False
booking_00210,TKT020764,user_012,3,1500,paypal,2023-03-13 00:00:00,29.243.200.30,False,True
booking_00211,TKT207949,user_049,4,2000,credit_card,2025-04-25 00:00:00,175.156.5.21,False,False
booking_00212,TKT749116,user_016,1,500,credit_card,2024-12-16 04:56:00,198.25.161.100,False,True
booking_00213,TKT209133,user_021,3,1500,paypal,2024-05-23 00:00:00,186.159.46.253,False,False
booking_00214,TKT697094,user_025,2,1000,credit_card,2024-01-07 00:00:00,195.53.8.251,False,False
booking_00215,TKT039126,user_017,3,1500,debit_card,2024-03-14 00:00:00,188.144.240.178,False,False
booking_00216,TKT871799,user_031,2,1000,credit_card,2023-12-02 00:00:00,119.179.139.35,False,False
booking_00217,TKT007782,user_035,3,1500,credit_card,2023-04-06 00:00:00,85.186.40.25,False,False
booking_00218,TKT556173,user_044,22,11000,debit_card,2024-09-02 04:59:00,16.54.221.123,False,True
booking_00219,TKT654264,user_046,4,2000,credit_card,2023-09-18 00:00:00,172.66.239.22,False,False
booking_00220,TKT422531,user_015,3,1500,credit_card,2023-12-24 01:14:00,123.105.75.26,False,True
booking_00221,TKT980231,user_024,16,8000,credit_card,2024-08-15 00:00:00,12.86.140.128,False,True
booking_00222,TKT811263,user_020,4,2000,credit_card,2024-01-01 00:00:00,209.65.46.160,False,False
booking_00223,TKT194946,user_039,2,1000,credit_card,2024-12-20 00:00:00,84.203.246.128,False,False
booking_00224,TKT128807,user_008,1,500,paypal,2024-08-07 00:00:00,185.1.175.205,False,False
booking_00225,TKT305449,user_025,4,2000,credit_card,2024-08-15 00:00:00,195.53.8.251,False,False
booking_00226,TKT102074,user_008,2,1000,debit_card,2024-04-21 00:00:00,162.88.236.117,False,False
booking_00227,TKT719856,user_037,2,1000,credit_card,2023-08-28 00:00:00,180.5.72.131,False,False
booking_00228,TKT974772,user_048,3,1500,credit_card,2023-11-19 00:00:00,195.132.32.147,False,False
booking_00229,TKT407405,user_006,3,1500,credit_card,2025-01-22 00:00:00,150.143.95.143,False,False
booking_00230,TKT087956,user_019,3,1500,debit_card,2023-08-31 00:00:00,73.15.82.180,False,False
booking_00231,TKT209674,user_001,2,1000,credit_card,2024-05-02 00:00:00,195.169.150.165,False,False
booking_00232,TKT328675,user_026,2,1000,debit_card,2024-06-19 00:00:00,32.57.206.79,False,False
booking_00233,TKT079743,user_019,1,500,debit_card,2023-08-01 00:00:00,73.15.82.180,False,False
booking_00234,TKT997190,user_041,3,1500,paypal,2025-01-28 00:00:00,42.20.50.190,False,False
booking_00235,TKT213226,user_008,4,2000,paypal,2024-10-02 00:00:00,195.139.128.164,False,False
booking_00236,TKT837755,user_022,2,1000,paypal,2023-10-10 00:00:00,155.19.92.248,False,False
booking_00237,TKT723912,user_033,2,1000,credit_card,2024-12-14 00:00:00,136.126.153.161,False,False
booking_00238,TKT342341,user_047,3,1500,debit_card,2023-10-05 00:00:00,45.205.89.166,False,False
booking_00239,TKT598431,user_011,4,2000,paypal,2025-03-10 00:00:00,126.113.4.14,False,False
booking_00240,TKT364337,user_040,4,2000,debit_card,2025-03-02 00:00:00,70.225.160.32,False,False
booking_00241,TKT063770,user_011,4,2000,credit_card,2025-02-04 00:00:00,251.22.72.154,False,False
booking_00242,TKT925601,user_010,1,500,paypal,2023-01-17 00:00:00,134.141.252.170,False,False
booking_00243,TKT104224,user_020,2,1000,credit_card,2023-04-17 00:00:00,209.65.46.160,False,False
booking_00244,TKT035409,user_044,1,500,paypal,2025-02-20 01:25:00,17.14.184.160,False,True
booking_00245,TKT020852,user_031,4,2000,credit_card,2024-04-08 00:00:00,206.177.119.211,False,False
booking_00246,TKT938712,user_047,2,1000,debit_card,2025-03-07 00:00:00,45.205.89.166,False,False
booking_00247,TKT209501,user_041,1,500,paypal,2023-07-20 00:00:00,42.20.50.190,False,False
booking_00248,TKT437203,user_008,2,1000,debit_card,2023-07-31 00:00:00,185.1.175.205,False,False
booking_00249,TKT363912,user_013,3,1500,credit_card,2023-09-29 00:00:00,250.227.92.245,False,False
booking_00250,TKT955557,user_002,2,1000,paypal,2024-06-03 00:00:00,173.64.67.22,False,False
booking_00251,TKT172916,user_046,13,6500,paypal,2024-07-25 00:00:00,172.66.239.22,False,True
booking_00252,TKT467640,user_004,2,1000,paypal,2024-03-07 00:00:00,27.75.32.166,False,False
booking_00253,TKT470702,user_021,4,2000,paypal,2023-10-09 00:00:00,1.14.253.133,False,False
booking_00254,TKT910118,user_037,3,1500,credit_card,2023-08-04 00:00:00,180.5.72.131,False,False
booking_00255,TKT648914,user_043,3,1500,debit_card,2023-09-23 00:00:00,128.157.112.50,False,False
booking_00256,TKT031478,user_032,4,2000,debit_card,2023-01-24 00:00:00,246.18.61.98,False,False
booking_00257,TKT839635,user_041,3,1500,paypal,2025-02-15 00:00:00,157.110.18.155,False,False
booking_00258,TKT652671,user_001,1,500,credit_card,2023-07-08 00:00:00,195.169.150.165,False,False
booking_00259,TKT319138,user_035,3,1500,credit_card,2024-09-21 00:00:00,112.18.43.213,True,False
booking_00260,TKT887255,user_044,2,1000,paypal,2023-10-22 00:00:00,85.183.78.142,False,True
booking_00261,TKT850524,user_034,4,2000,debit_card,2023-01-28 00:00:00,233.237.31.92,False,False
booking_00262,TKT216958,user_046,2,1000,debit_card,2024-08-31 00:00:00,172.66.239.22,False,False
booking_00263,TKT504230,user_048,4,2000,credit_card,2023-01-29 00:00:00,6.29.54.13,False,False
booking_00264,TKT627456,user_026,3,1500,debit_card,2023-02-06 00:00:00,162.76.5.120,False,False
booking_00265,TKT053558,user_012,4,2000,debit_card,2024-03-22 00:00:00,88.211.2.135,False,False
booking_00266,TKT184747,user_035,1,500,credit_card,2024-11-06 00:00:00,85.186.40.25,False,False
booking_00267,TKT908761,user_029,1,500,paypal,2025-01-27 00:00:00,36.64.24.67,False,False
booking_00268,TKT954900,user_033,3,1500,paypal,2023-02-11 00:00:00,136.126.153.161,False,False
booking_00269,TKT229523,user_009,2,1000,debit_card,2023-03-08 00:00:00,95.88.142.215,False,False
booking_00270,TKT991298,user_024,17,8500,credit_card,2023-11-15 01:02:00,35.115.240.56,False,True
booking_00271,TKT934067,user_028,3,1500,credit_card,2023-10-11 00:00:00,244.218.61.81,True,False
booking_00272,TKT309517,user_036,5,2500,paypal,2023-07-27 02:34:00,215.209.194.215,False,True
booking_00273,TKT360987,user_026,4,2000,debit_card,2023-12-05 00:00:00,177.231.61.119,False,False
booking_00274,TKT366695,user_010,23,11500,credit_card,2023-07-16 00:00:00,27.80.145.106,False,True
booking_00275,TKT703777,user_032,1,500,debit_card,2023-09-20 00:00:00,246.18.61.98,False,False
booking_00276,TKT804900,user_039,4,2000,debit_card,2024-01-09 00:00:00,89.198.142.4,True,False
booking_00277,TKT899182,user_029,2,1000,paypal,2023-03-22 00:00:00,184.3.183.165,False,False
booking_00278,TKT280583,user_042,2,1000,credit_card,2023-01-02 00:00:00,16.132.197.107,False,False
booking_00279,TKT617552,user_011,2,1000,credit_card,2024-01-01 00:00:00,126.113.4.14,False,False
booking_00280,TKT683831,user_025,4,2000,credit_card,2024-06-15 00:00:00,106.48.179.4,True,False
booking_00281,TKT738167,user_049,3,1500,credit_card,2024-08-08 00:00:00,196.73.13.242,False,False
booking_00282,TKT733862,user_046,4,2000,debit_card,2023-10-05 00:00:00,172.66.239.22,False,False
booking_00283,TKT287538,user_013,2,1000,credit_card,2024-07-01 00:00:00,250.227.92.245,False,False
booking_00284,TKT036080,user_026,4,2000,debit_card,2023-08-12 00:00:00,162.76.5.120,False,False
booking_00285,TKT454594,user_006,1,500,credit_card,2023-10-31 00:00:00,120.226.181.99,False,False
booking_00286,TKT642757,user_030,3,1500,credit_card,2024-02-06 00:00:00,195.136.248.183,False,False
booking_00287,TKT114234,user_003,1,500,debit_card,2025-04-23 00:00:00,10.67.243.153,False,False
booking_00288,TKT914902,user_000,2,1000,credit_card,2024-06-01 00:00:00,51.52.249.50,False,False
booking_00289,TKT744097,user_019,1,500,debit_card,2023-08-09 00:00:00,73.15.82.180,False,False
booking_00290,TKT778295,user_036,14,7000,paypal,2024-10-21 01:57:00,43.100.135.241,False,True
booking_00291,TKT635980,user_014,4,2000,credit_card,2024-10-09 00:00:00,25.159.61.209,False,False
booking_00292,TKT769342,user_041,4,2000,paypal,2024-10-28 00:00:00,157.110.18.155,False,False
booking_00293,TKT413468,user_029,2,1000,paypal,2023-03-11 00:00:00,106.236.232.227,False,False
booking_00294,TKT974914,user_022,4,2000,debit_card,2024-06-01 00:00:00,155.19.92.248,False,False
booking_00295,TKT546304,user_036,20,10000,debit_card,2023-04-10 00:40:00,43.100.135.241,False,True
booking_00296,TKT567611,user_038,3,1500,paypal,2024-09-14 00:00:00,216.166.213.100,False,False
booking_00297,TKT767864,user_007,4,2000,debit_card,2025-01-14 00:00:00,49.185.51.184,True,False
booking_00298,TKT239167,user_025,3,1500,credit_card,2025-02-12 00:00:00,106.48.179.4,False,False
booking_00299,TKT544597,user_046,2,1000,paypal,2024-09-19 00:00:00,172.66.239.22,False,False
booking_00300,TKT097607,user_026,4,2000,debit_card,2024-12-28 00:00:00,162.76.5.120,False,False
booking_00301,TKT940505,user_041,2,1000,paypal,2023-04-09 00:00:00,157.110.18.155,False,False
booking_00302,TKT621799,user_033,2,1000,credit_card,2024-10-28 00:00:00,136.126.153.161,False,False
booking_00303,TKT613065,user_048,2,1000,paypal,2023-11-02 00:00:00,248.221.213.153,False,False
booking_00304,TKT068552,user_006,3,1500,credit_card,2023-01-28 00:00:00,120.226.181.99,True,False
booking_00305,TKT517224,user_028,1,500,credit_card,2024-08-20 00:00:00,63.171.223.222,False,False
booking_00306,TKT724866,user_022,1,500,debit_card,2024-01-14 00:00:00,204.66.28.113,False,False
booking_00307,TKT172211,user_023,1,500,debit_card,2024-06-12 00:00:00,29.103.118.124,False,False
booking_00308,TKT480131,user_043,4,2000,paypal,2024-06-26 00:00:00,133.191.244.33,False,False
booking_00309,TKT956950,user_016,23,11500,paypal,2024-04-28 00:33:00,209.109.195.77,False,True
booking_00310,TKT622954,user_033,4,2000,paypal,2024-04-10 00:00:00,136.126.153.161,False,False
booking_00311,TKT348731,user_015,11,5500,debit_card,2024-04-11 03:33:00,115.82.219.130,False,True
booking_00312,TKT136510,user_004,1,500,paypal,2023-04-03 00:00:00,27.75.32.166,False,False
booking_00313,TKT619123,user_002,1,500,credit_card,2025-03-20 00:00:00,173.64.67.22,False,False
booking_00314,TKT330531,user_001,4,2000,paypal,2024-08-18 00:00:00,142.51.122.225,False,False
booking_00315,TKT151678,user_013,3,1500,credit_card,2023-06-30 00:00:00,250.227.92.245,False,False
booking_00316,TKT331902,user_045,2,1000,paypal,2023-03-11 00:00:00,125.220.70.251,False,False
booking_00317,TKT609559,user_034,3,1500,credit_card,2025-04-28 00:00:00,197.78.39.170,False,False
booking_00318,TKT380337,user_015,1,500,paypal,2023-02-19 00:00:00,134.98.88.236,False,True
booking_00319,TKT701605,user_047,3,1500,debit_card,2024-01-08 00:00:00,45.205.89.166,True,False
booking_00320,TKT752690,user_016,17,8500,paypal,2023-01-02 00:00:00,250.46.206.221,False,True
booking_00321,TKT861830,user_023,3,1500,paypal,2023-09-03 00:00:00,29.103.118.124,False,False
booking_00322,TKT941613,user_015,10,5000,debit_card,2023-12-16 02:50:00,134.98.88.236,False,True
booking_00323,TKT214117,user_004,3,1500,paypal,2025-02-19 00:00:00,70.207.161.140,False,False
booking_00324,TKT489466,user_001,1,500,credit_card,2024-06-08 00:00:00,142.51.122.225,True,False
booking_00325,TKT635581,user_018,2,1000,paypal,2024-05-30 00:00:00,14.185.228.78,False,False
booking_00326,TKT540789,user_044,5,2500,credit_card,2024-09-13 00:00:00,17.14.184.160,False,True
booking_00327,TKT893157,user_020,2,1000,credit_card,2023-08-11 00:00:00,209.65.46.160,False,False
booking_00328,TKT650830,user_042,3,1500,debit_card,2024-06-22 00:00:00,116.144.120.62,False,False
booking_00329,TKT793038,user_033,4,2000,credit_card,2024-03-07 00:00:00,133.255.59.117,False,False
booking_00330,TKT948928,user_009,11,5500,debit_card,2024-12-30 03:09:00,239.11.160.132,True,True
booking_00331,TKT979414,user_004,2,1000,paypal,2024-11-09 00:00:00,27.75.32.166,False,False
booking_00332,TKT585493,user_021,4,2000,paypal,2024-09-13 00:00:00,186.159.46.253,False,False
booking_00333,TKT670954,user_002,2,1000,credit_card,2024-05-02 00:00:00,173.64.67.22,True,False
booking_00334,TKT213738,user_023,3,1500,debit_card,2024-08-29 00:00:00,29.103.118.124,False,False
booking_00335,TKT697950,user_046,20,10000,debit_card,2023-08-01 02:28:00,172.66.239.22,False,True
booking_00336,TKT900521,user_003,2,1000,debit_card,2024-04-20 00:00:00,10.67.243.153,False,False
booking_00337,TKT933108,user_003,2,1000,debit_card,2023-06-27 00:00:00,10.67.243.153,False,False
booking_00338,TKT028915,user_026,2,1000,debit_card,2023-06-24 00:00:00,177.231.61.119,False,False
booking_00339,TKT423481,user_006,4,2000,credit_card,2024-09-27 00:00:00,120.226.181.99,False,False
booking_00340,TKT319131,user_031,4,2000,credit_card,2025-04-21 00:00:00,41.73.60.72,False,False
booking_00341,TKT167102,user_035,3,1500,credit_card,2023-12-16 00:00:00,65.137.106.57,False,False
booking_00342,TKT468583,user_004,4,2000,paypal,2023-02-26 00:00:00,27.75.32.166,False,False
booking_00343,TKT668090,user_040,1,500,debit_card,2024-07-25 00:00:00,70.225.160.32,False,False
booking_00344,TKT739553,user_001,3,1500,credit_card,2023-02-07 00:00:00,195.169.150.165,False,False
booking_00345,TKT309167,user_037,3,1500,credit_card,2023-10-06 00:00:00,133.224.51.55,False,False
booking_00346,TKT556662,user_012,2,1000,paypal,2025-03-26 00:00:00,29.243.200.30,False,False
booking_00347,TKT671529,user_035,2,1000,credit_card,2023-07-18 00:00:00,65.137.106.57,False,False
booking_00348,TKT813452,user_023,3,1500,credit_card,2023-05-24 00:00:00,29.103.118.124,False,False
booking_00349,TKT240893,user_018,1,500,paypal,2023-05-25 00:00:00,89.10.186.55,False,False
booking_00350,TKT663734,user_007,1,500,paypal,2024-04-10 00:00:00,49.185.51.184,False,False
booking_00351,TKT406510,user_038,2,1000,credit_card,2024-05-08 00:00:00,199.212.129.157,False,False
booking_00352,TKT543897,user_029,4,2000,paypal,2023-12-30 00:00:00,106.236.232.227,False,False
booking_00353,TKT786101,user_016,13,6500,paypal,2024-04-11 03:56:00,250.46.206.221,True,True
booking_00354,TKT528329,user_023,2,1000,credit_card,2023-11-27 00:00:00,29.103.118.124,False,False
booking_00355,TKT521971,user_016,4,2000,credit_card,2024-10-20 00:17:00,82.49.130.86,False,True
booking_00356,TKT700317,user_016,22,11000,paypal,2023-05-10 01:31:00,209.109.195.77,False,True
booking_00357,TKT734584,user_028,1,500,credit_card,2025-02-05 00:00:00,117.40.232.18,False,False
booking_00358,TKT673888,user_025,1,500,credit_card,2023-03-26 00:00:00,195.53.8.251,False,False
booking_00359,TKT938707,user_016,1,500,paypal,2023-12-08 00:05:00,82.49.130.86,False,True
booking_00360,TKT710171,user_007,4,2000,debit_card,2024-08-18 00:00:00,2.57.200.25,False,False
booking_00361,TKT778171,user_023,2,1000,credit_card,2023-05-26 00:00:00,29.103.118.124,False,False
booking_00362,TKT791043,user_048,4,2000,paypal,2025-02-10 00:00:00,49.93.64.62,False,False
booking_00363,TKT158093,user_006,3,1500,credit_card,2024-08-31 00:00:00,150.143.95.143,False,False
booking_00364,TKT441916,user_038,14,7000,paypal,2023-06-28 00:15:00,5.73.170.202,False,True
booking_00365,TKT745739,user_006,4,2000,credit_card,2024-11-23 00:00:00,120.226.181.99,True,False
booking_00366,TKT256673,user_002,3,1500,credit_card,2023-08-25 00:00:00,173.64.67.22,False,False
booking_00367,TKT979220,user_033,2,1000,debit_card,2024-01-30 00:00:00,75.52.80.215,False,False
booking_00368,TKT412807,user_034,4,2000,debit_card,2025-01-13 00:00:00,233.237.31.92,False,False
booking_00369,TKT368062,user_039,21,10500,paypal,2023-11-25 00:00:00,124.153.50.252,False,True
booking_00370,TKT149790,user_022,1,500,debit_card,2023-01-07 00:00:00,179.162.187.136,False,False
booking_00371,TKT001097,user_037,2,1000,credit_card,2023-08-14 00:00:00,180.5.72.131,False,False
booking_00372,TKT377410,user_033,2,1000,debit_card,2024-08-03 00:00:00,133.255.59.117,False,False
booking_00373,TKT722820,user_009,5,2500,paypal,2024-09-04 00:00:00,163.13.243.40,False,True
booking_00374,TKT468184,user_008,1,500,debit_card,2023-04-16 00:00:00,123.73.119.244,False,False
booking_00375,TKT119804,user_047,4,2000,credit_card,2023-04-28 00:00:00,56.102.40.134,False,False
booking_00376,TKT732850,user_045,2,1000,paypal,2023-05-28 00:00:00,125.220.70.251,False,False
booking_00377,TKT128507,user_048,1,500,credit_card,2025-02-28 00:00:00,195.132.32.147,False,False
booking_00378,TKT085995,user_021,4,2000,credit_card,2023-02-28 00:00:00,1.14.253.133,False,False
booking_00379,TKT007669,user_030,1,500,credit_card,2025-05-02 00:00:00,230.147.32.241,False,False
booking_00380,TKT074284,user_022,4,2000,paypal,2023-04-17 00:00:00,57.18.90.187,False,False
booking_00381,TKT702741,user_030,4,2000,credit_card,2023-07-18 00:00:00,195.136.248.183,False,False
booking_00382,TKT823539,user_027,1,500,credit_card,2024-07-21 00:00:00,122.78.7.67,False,False
booking_00383,TKT649179,user_034,4,2000,debit_card,2025-04-10 00:00:00,233.237.31.92,False,False
booking_00384,TKT356299,user_010,4,2000,credit_card,2023-05-27 00:00:00,27.80.145.106,False,False
booking_00385,TKT499844,user_013,4,2000,credit_card,2023-09-09 00:00:00,250.227.92.245,False,False
booking_00386,TKT415140,user_049,4,2000,credit_card,2023-10-19 00:00:00,175.156.5.21,False,False
booking_00387,TKT622493,user_015,16,8000,debit_card,2025-02-05 02:04:00,81.40.107.221,False,True
booking_00388,TKT613689,user_021,2,1000,credit_card,2024-07-05 00:00:00,232.174.201.181,False,False
booking_00389,TKT628808,user_001,4,2000,paypal,2024-10-17 00:00:00,223.20.32.215,False,False
booking_00390,TKT812286,user_028,4,2000,credit_card,2025-04-25 00:00:00,63.171.223.222,False,False
booking_00391,TKT634153,user_015,16,8000,debit_card,2024-04-20 01:46:00,81.40.107.221,False,True
booking_00392,TKT025316,user_037,3,1500,credit_card,2024-07-19 00:00:00,180.5.72.131,False,False
booking_00393,TKT584716,user_024,18,9000,debit_card,2025-03-10 00:02:00,233.242.91.120,False,True
booking_00394,TKT335507,user_020,4,2000,credit_card,2024-09-26 00:00:00,209.65.46.160,False,False
booking_00395,TKT031800,user_027,4,2000,paypal,2023-01-05 02:26:00,122.78.7.67,False,True
booking_00396,TKT375245,user_034,3,1500,credit_card,2024-06-05 00:00:00,197.78.39.170,True,False
booking_00397,TKT342851,user_040,2,1000,debit_card,2023-06-12 00:00:00,70.225.160.32,False,False
booking_00398,TKT109119,user_046,3,1500,paypal,2024-09-06 00:00:00,172.66.239.22,False,False
booking_00399,TKT370174,user_047,1,500,debit_card,2023-01-30 00:00:00,56.102.40.134,False,False
booking_00400,TKT508756,user_037,2,1000,credit_card,2024-09-07 00:00:00,133.224.51.55,False,False
booking_00401,TKT015004,user_036,14,7000,paypal,2023-10-30 01:04:00,118.81.211.220,False,True
booking_00402,TKT353088,user_048,3,1500,paypal,2024-02-25 00:00:00,195.132.32.147,False,False
booking_00403,TKT970860,user_049,2,1000,credit_card,2023-08-10 00:00:00,231.1.74.97,False,False
booking_00404,TKT599435,user_047,3,1500,debit_card,2023-07-31 00:00:00,56.102.40.134,False,False
booking_00405,TKT917010,user_015,18,9000,paypal,2023-03-28 01:59:00,81.40.107.221,False,True
booking_00406,TKT969363,user_000,3,1500,credit_card,2024-07-21 00:00:00,51.52.249.50,False,False
booking_00407,TKT875989,user_030,4,2000,credit_card,2024-07-26 00:00:00,195.136.248.183,False,False
booking_00408,TKT028205,user_048,4,2000,credit_card,2023-09-14 00:00:00,49.93.64.62,False,False
booking_00409,TKT251912,user_039,1,500,credit_card,2023-08-09 00:00:00,84.203.246.128,False,False
booking_00410,TKT021068,user_014,3,1500,paypal,2025-02-25 00:00:00,25.159.61.209,False,False
booking_00411,TKT955693,user_035,4,2000,credit_card,2023-05-30 00:00:00,65.137.106.57,False,False
booking_00412,TKT165613,user_046,3,1500,debit_card,2023-02-26 00:00:00,172.66.239.22,False,False
booking_00413,TKT186586,user_047,1,500,credit_card,2024-12-12 00:00:00,228.199.7.86,False,False
booking_00414,TKT604093,user_042,3,1500,paypal,2024-08-05 00:00:00,206.163.106.131,False,False
booking_00415,TKT740647,user_003,2,1000,debit_card,2023-01-27 00:00:00,234.250.116.179,False,False
booking_00416,TKT330758,user_048,4,2000,credit_card,2024-01-12 00:00:00,49.115.0.28,False,False
booking_00417,TKT525820,user_001,4,2000,paypal,2025-03-24 00:00:00,167.233.91.7,False,False
booking_00418,TKT620041,user_036,12,6000,paypal,2023-04-23 01:16:00,46.8.237.18,False,True
booking_00419,TKT186922,user_043,1,500,paypal,2023-10-03 00:00:00,62.55.169.162,False,False
booking_00420,TKT225651,user_034,3,1500,credit_card,2024-06-07 00:00:00,48.111.158.124,False,False
booking_00421,TKT449282,user_039,4,2000,debit_card,2024-04-01 00:00:00,124.153.50.252,False,False
booking_00422,TKT746439,user_021,4,2000,paypal,2023-12-04 00:00:00,166.4.103.8,False,False
booking_00423,TKT786465,user_021,1,500,paypal,2025-01-04 00:00:00,186.159.46.253,False,False
booking_00424,TKT265795,user_043,3,1500,debit_card,2023-09-09 00:00:00,133.191.244.33,False,False
booking_00425,TKT681254,user_028,1,500,credit_card,2024-06-10 00:00:00,244.218.61.81,False,False
booking_00426,TKT788625,user_047,4,2000,debit_card,2023-02-06 00:00:00,45.205.89.166,False,False
booking_00427,TKT098268,user_007,17,8500,credit_card,2023-04-05 00:00:00,28.31.234.17,False,True
booking_00428,TKT355321,user_042,1,500,paypal,2023-06-16 00:00:00,116.144.120.62,False,False
booking_00429,TKT181640,user_004,4,2000,paypal,2023-05-09 00:00:00,70.207.161.140,False,False
booking_00430,TKT254029,user_004,3,1500,paypal,2023-10-13 00:00:00,250.73.65.172,False,False
booking_00431,TKT578465,user_034,12,6000,paypal,2023-04-28 00:10:00,48.111.158.124,False,True
booking_00432,TKT686068,user_035,2,1000,credit_card,2024-05-13 00:00:00,85.186.40.25,False,False
booking_00433,TKT113957,user_032,4,2000,debit_card,2023-02-20 00:00:00,253.180.172.117,False,False
booking_00434,TKT868950,user_002,1,500,credit_card,2023-11-07 00:00:00,173.64.67.22,False,False
booking_00435,TKT407501,user_015,16,8000,paypal,2024-01-28 01:59:00,204.133.174.168,False,True
booking_00436,TKT258380,user_015,1,500,debit_card,2023-12-08 04:32:00,115.82.219.130,False,True
booking_00437,TKT664292,user_048,2,1000,paypal,2024-08-24 00:00:00,195.132.32.147,False,False
booking_00438,TKT754392,user_020,4,2000,credit_card,2024-01-06 00:00:00,209.65.46.160,False,False
booking_00439,TKT739932,user_025,3,1500,credit_card,2025-02-19 00:00:00,195.53.8.251,False,False
booking_00440,TKT075986,user_009,1,500,paypal,2023-10-12 00:00:00,199.9.208.28,False,False
booking_00441,TKT391579,user_040,1,500,credit_card,2025-01-29 00:00:00,252.210.86.180,False,False
booking_00442,TKT660498,user_008,3,1500,debit_card,2024-04-21 00:00:00,185.1.175.205,False,False
booking_00443,TKT183166,user_001,1,500,credit_card,2023-03-29 00:00:00,142.51.122.225,False,False
booking_00444,TKT857140,user_042,1,500,credit_card,2023-05-16 00:00:00,166.68.212.121,False,False
booking_00445,TKT926440,user_024,12,6000,paypal,2023-07-20 03:20:00,156.123.89.51,False,True
booking_00446,TKT631353,user_023,1,500,credit_card,2024-07-27 00:00:00,29.103.118.124,False,False
booking_00447,TKT802781,user_018,3,1500,paypal,2024-11-27 00:00:00,14.185.228.78,False,False
booking_00448,TKT366821,user_031,2,1000,credit_card,2023-09-21 00:00:00,65.32.161.74,False,False
booking_00449,TKT666342,user_040,1,500,credit_card,2024-03-25 00:00:00,252.210.86.180,False,False
booking_00450,TKT493647,user_020,24,12000,debit_card,2023-06-09 03:13:00,209.65.46.160,False,True
booking_00451,TKT500818,user_047,3,1500,credit_card,2024-02-05 00:00:00,45.205.89.166,False,False
booking_00452,TKT464675,user_028,4,2000,credit_card,2023-12-21 00:00:00,117.40.232.18,False,False
booking_00453,TKT617502,user_001,3,1500,credit_card,2023-05-10 00:00:00,195.169.150.165,False,False
booking_00454,TKT043557,user_037,1,500,credit_card,2023-10-31 00:00:00,125.195.220.17,False,False
booking_00455,TKT833160,user_043,3,1500,paypal,2023-04-03 00:00:00,62.55.169.162,False,False
booking_00456,TKT275686,user_020,1,500,debit_card,2023-12-04 00:00:00,209.65.46.160,False,False
booking_00457,TKT465486,user_029,4,2000,paypal,2024-07-23 00:00:00,106.236.232.227,False,False
booking_00458,TKT625987,user_005,1,500,debit_card,2023-07-06 00:00:00,175.111.184.150,False,False
booking_00459,TKT266224,user_032,2,1000,debit_card,2024-10-25 00:00:00,253.180.172.117,False,False
booking_00460,TKT060817,user_031,2,1000,paypal,2024-03-18 00:00:00,41.73.60.72,False,False
booking_00461,TKT109211,user_006,1,500,credit_card,2023-12-27 00:00:00,150.143.95.143,False,False
booking_00462,TKT770983,user_009,2,1000,debit_card,2024-03-24 00:00:00,163.13.243.40,False,False
booking_00463,TKT121695,user_049,2,1000,credit_card,2024-11-17 00:00:00,196.73.13.242,False,False
booking_00464,TKT218369,user_037,3,1500,credit_card,2025-01-18 00:00:00,133.224.51.55,False,False
booking_00465,TKT355325,user_023,4,2000,paypal,2025-03-21 00:00:00,29.103.118.124,False,False
booking_00466,TKT372175,user_037,1,500,credit_card,2023-05-25 00:00:00,192.95.9.192,False,False
booking_00467,TKT667977,user_017,2,1000,debit_card,2025-01-30 00:00:00,188.144.240.178,False,False
booking_00468,TKT543824,user_002,2,1000,credit_card,2024-07-18 00:00:00,173.64.67.22,False,False
booking_00469,TKT661981,user_042,2,1000,paypal,2023-08-12 00:00:00,206.163.106.131,False,False
booking_00470,TKT739419,user_007,1,500,credit_card,2024-05-23 00:00:00,28.31.234.17,False,False
booking_00471,TKT552469,user_020,1,500,credit_card,2024-04-13 00:00:00,124.3.97.94,False,False
booking_00472,TKT848615,user_041,3,1500,paypal,2024-06-27 00:00:00,157.110.18.155,False,False
booking_00473,TKT037018,user_025,4,2000,credit_card,2023-04-07 00:00:00,195.53.8.251,False,False
booking_00474,TKT564583,user_032,1,500,debit_card,2024-03-03 00:00:00,246.18.61.98,False,False
booking_00475,TKT907328,user_013,4,2000,credit_card,2024-02-10 00:00:00,250.227.92.245,False,False
booking_00476,TKT522844,user_011,3,1500,paypal,2024-04-15 00:00:00,126.113.4.14,False,False
booking_00477,TKT757505,user_013,3,1500,credit_card,2024-06-01 00:00:00,87.87.199.99,False,False
booking_00478,TKT772806,user_037,2,1000,credit_card,2024-11-02 00:00:00,133.224.51.55,False,False
booking_00479,TKT344384,user_009,2,1000,debit_card,2024-09-22 00:00:00,239.11.160.132,False,False
booking_00480,TKT358238,user_034,2,1000,debit_card,2023-03-20 00:00:00,233.237.31.92,False,False
booking_00481,TKT182136,user_041,3,1500,paypal,2025-04-26 00:00:00,42.20.50.190,False,False
booking_00482,TKT701300,user_035,4,2000,credit_card,2025-03-31 00:00:00,65.137.106.57,False,False
booking_00483,TKT476279,user_029,2,1000,paypal,2023-03-09 00:00:00,36.64.24.67,False,False
booking_00484,TKT565553,user_004,3,1500,paypal,2024-07-04 00:00:00,203.82.190.58,False,False
booking_00485,TKT377834,user_006,1,500,credit_card,2024-04-06 00:00:00,120.226.181.99,False,False
booking_00486,TKT423399,user_043,3,1500,paypal,2024-02-10 00:00:00,136.102.211.49,False,False
booking_00487,TKT732343,user_041,2,1000,paypal,2024-08-03 00:00:00,42.20.50.190,False,False
booking_00488,TKT670347,user_044,12,6000,debit_card,2024-10-24 01:10:00,16.54.221.123,False,True
booking_00489,TKT935098,user_047,17,8500,credit_card,2023-10-10 00:00:00,94.82.187.14,False,True
booking_00490,TKT466536,user_012,2,1000,paypal,2023-01-14 00:00:00,29.243.200.30,False,False
booking_00491,TKT365031,user_020,3,1500,credit_card,2025-01-05 00:00:00,209.65.46.160,False,False
booking_00492,TKT525838,user_036,19,9500,paypal,2023-06-23 02:24:00,43.100.135.241,False,True
booking_00493,TKT006288,user_049,4,2000,debit_card,2023-11-12 00:00:00,137.137.106.244,False,False
booking_00494,TKT093426,user_014,3,1500,credit_card,2023-09-28 00:00:00,25.159.61.209,False,False
booking_00495,TKT356331,user_041,19,9500,credit_card,2024-12-09 02:31:00,15.85.186.231,False,True
booking_00496,TKT570965,user_014,1,500,paypal,2023-02-23 00:00:00,25.159.61.209,False,False
booking_00497,TKT107488,user_048,3,1500,credit_card,2025-04-10 00:00:00,49.115.0.28,False,False
booking_00498,TKT957945,user_016,14,7000,paypal,2023-08-27 03:43:00,209.109.195.77,True,True
booking_00499,TKT379666,user_005,2,1000,credit_card,2024-10-11 00:00:00,93.157.140.191,True,False
